사용월,호선명,역ID,지하철역,유임승차,유임하차,무임승차,무임하차,
2021-04,1호선,1,서울역,"940,626","895,079","167,011","157,750",
2021-04,1호선,10,동묘앞,"125,090","135,698","147,152","148,689",
2021-04,1호선,2,시청,"467,000","474,137","62,924","60,632",
2021-04,1호선,3,종각,"750,908","723,834","109,314","102,698",
2021-04,1호선,4,종로3가,"422,442","381,584","254,584","237,533",
2021-04,1호선,5,종로5가,"351,949","356,541","235,999","226,953",
2021-04,1호선,6,동대문,"207,895","196,340","109,361","107,958",
2021-04,1호선,7,신설동,"265,105","261,558","103,890","100,138",
2021-04,1호선,8,제기동,"223,795","218,307","250,926","267,958",
2021-04,1호선,9,청량리(서울시립대입구),"319,366","315,775","244,924","243,448",
2021-04,2호선,11,시청,"520,875","501,060","43,943","39,344",
2021-04,2호선,12,을지로입구,"877,116","895,525","82,725","77,040",
2021-04,2호선,13,을지로3가,"467,667","461,198","65,659","64,268",
2021-04,2호선,14,을지로4가,"244,564","244,048","76,757","75,757",
2021-04,2호선,15,동대문역사문화공원(DDP),"267,428","301,421","47,407","49,636",
2021-04,2호선,16,신당,"286,860","299,008","85,096","87,273",
2021-04,2호선,17,상왕십리,"314,312","301,810","59,230","59,694",
2021-04,2호선,18,왕십리(성동구청),"388,207","313,802","45,372","38,609",
2021-04,2호선,19,한양대,"204,932","220,934","10,734","11,229",
2021-04,2호선,20,뚝섬,"539,485","573,200","52,309","52,562",
2021-04,2호선,21,성수,"790,471","872,482","92,269","94,488",
2021-04,2호선,22,건대입구,"864,575","911,329","78,455","81,640",
2021-04,2호선,23,구의(광진구청),"526,422","516,653","87,676","90,279",
2021-04,2호선,24,강변(동서울터미널),"718,595","709,465","97,902","95,913",
2021-04,2호선,25,잠실나루,"297,597","290,178","69,297","69,962",
2021-04,2호선,26,잠실(송파구청),"1,624,364","1,599,065","152,712","145,933",
2021-04,2호선,27,잠실새내,"464,436","466,931","85,569","85,484",
2021-04,2호선,28,종합운동장,"177,486","194,279","34,621","35,791",
2021-04,2호선,29,삼성(무역센터),"1,174,516","1,199,199","93,401","85,870",
2021-04,2호선,30,선릉,"1,176,163","1,052,733","191,957","170,695",
2021-04,2호선,31,역삼,"1,095,092","1,213,606","139,197","139,450",
2021-04,2호선,32,강남,"2,003,912","1,986,812","150,524","134,196",
2021-04,2호선,33,교대(법원.검찰청),"729,482","821,904","126,391","141,108",
2021-04,2호선,34,서초,"491,890","472,631","65,070","63,837",
2021-04,2호선,35,방배,"382,495","402,793","62,723","62,272",
2021-04,2호선,36,사당,"816,678","916,038","148,181","144,045",
2021-04,2호선,37,낙성대(강감찬),"642,049","616,747","91,945","94,375",
2021-04,2호선,38,서울대입구(관악구청),"1,107,482","1,088,998","159,674","152,751",
2021-04,2호선,39,봉천,"521,388","476,953","124,419","124,604",
2021-04,2호선,40,신림,"1,493,034","1,437,771","192,577","195,551",
2021-04,2호선,41,신대방,"602,766","584,550","111,275","112,598",
2021-04,2호선,42,구로디지털단지,"1,436,946","1,436,828","147,969","149,888",
2021-04,2호선,43,대림(구로구청),"566,208","579,845","104,431","107,854",
2021-04,2호선,44,신도림,"1,150,903","1,136,605","166,864","157,631",
2021-04,2호선,45,문래,"481,698","496,970","66,275","65,594",
2021-04,2호선,46,영등포구청,"500,141","510,178","90,836","90,173",
2021-04,2호선,47,당산,"451,395","524,823","52,929","57,880",
2021-04,2호선,48,합정,"757,915","800,115","59,052","58,799",
2021-04,2호선,49,홍대입구,"1,322,219","1,386,857","84,404","80,252",
2021-04,2호선,50,신촌,"752,290","778,908","105,550","103,403",
2021-04,2호선,51,이대,"284,417","295,868","40,587","41,262",
2021-04,2호선,52,아현,"223,140","214,147","56,653","55,954",
2021-04,2호선,53,충정로(경기대입구),"216,923","230,855","41,008","41,476",
2021-04,2호선,54,용답,"56,619","57,734","16,085","15,685",
2021-04,2호선,55,신답,"33,190","38,396","8,235","9,055",
2021-04,2호선,56,신설동,"65,643","63,682","28,881","30,154",
2021-04,2호선,57,도림천,"30,430","31,615","6,675","6,948",
2021-04,2호선,58,양천구청,"139,014","148,581","40,136","40,665",
2021-04,2호선,59,신정네거리,"215,851","223,308","61,886","63,273",
2021-04,2호선,60,용두(동대문구청),"41,917","41,993","20,414","21,853",
2021-04,3호선,61,지축,"87,756","84,553","18,247","18,334",
2021-04,3호선,62,구파발,"448,509","429,222","100,107","96,257",
2021-04,3호선,63,연신내,"783,416","730,917","229,053","221,900",
2021-04,3호선,64,불광,"324,655","348,765","119,396","131,799",
2021-04,3호선,65,녹번,"326,186","292,430","63,993","63,783",
2021-04,3호선,66,홍제,"350,356","329,823","122,822","120,959",
2021-04,3호선,67,무악재,"79,167","78,762","24,435","26,805",
2021-04,3호선,68,독립문,"133,912","143,627","63,416","63,231",
2021-04,3호선,69,경복궁(정부서울청사),"440,480","439,555","68,014","65,413",
2021-04,3호선,70,안국,"441,233","465,753","64,152","65,135",
2021-04,3호선,71,종로3가,"201,514","241,648","49,212","54,017",
2021-04,3호선,72,을지로3가,"213,055","225,214","45,032","43,728",
2021-04,3호선,73,충무로,34,0,1,0,
2021-04,3호선,74,동대입구,"184,675","199,220","30,349","34,116",
2021-04,3호선,75,약수,"273,845","267,290","69,315","66,249",
2021-04,3호선,76,금호,"173,672","161,776","46,978","47,053",
2021-04,3호선,77,옥수,"197,024","206,616","51,419","51,393",
2021-04,3호선,78,압구정,"714,329","766,311","110,642","107,690",
2021-04,3호선,79,신사,"736,070","769,967","63,095","59,998",
2021-04,3호선,80,잠원,"103,584","102,429","26,100","25,430",
2021-04,3호선,81,고속터미널,"1,001,048","984,947","140,946","135,600",
2021-04,3호선,82,교대(법원.검찰청),"300,293","196,006","54,923","33,927",
2021-04,3호선,83,남부터미널(예술의전당),"651,960","672,649","98,596","99,542",
2021-04,3호선,84,양재(서초구청),"868,147","945,492","124,266","125,440",
2021-04,3호선,85,매봉,"265,009","256,739","52,393","48,559",
2021-04,3호선,86,도곡,"121,291","125,071","23,914","22,236",
2021-04,3호선,87,대치,"234,172","233,194","51,972","49,530",
2021-04,3호선,88,학여울,"47,631","50,309","13,682","13,262",
2021-04,3호선,89,대청,"207,210","188,673","48,705","47,148",
2021-04,3호선,90,일원,"200,524","196,147","50,843","50,692",
2021-04,3호선,91,수서,"368,161","377,372","88,130","86,847",
2021-04,3호선,92,가락시장,"172,866","170,829","64,762","63,595",
2021-04,3호선,93,경찰병원,"157,790","157,690","35,021","35,889",
2021-04,3호선,94,오금,"137,741","124,392","23,652","22,746",
2021-04,4호선,100,수유(강북구청),"745,673","738,408","170,495","170,410",
2021-04,4호선,101,미아(서울사이버대학),"308,600","295,281","97,479","99,221",
2021-04,4호선,102,미아사거리,"591,834","571,659","158,458","157,095",
2021-04,4호선,103,길음,"442,086","427,468","96,555","96,873",
2021-04,4호선,104,성신여대입구(돈암),"464,675","440,375","74,149","71,332",
2021-04,4호선,105,한성대입구(삼선교),"309,251","300,766","63,066","62,645",
2021-04,4호선,106,혜화,"714,432","719,659","109,329","107,653",
2021-04,4호선,107,동대문,"387,253","405,557","142,990","139,851",
2021-04,4호선,108,동대문역사문화공원(DDP),"335,339","311,874","47,349","42,518",
2021-04,4호선,109,충무로,"556,778","576,743","102,519","103,383",
2021-04,4호선,110,명동,"407,475","426,362","50,813","52,418",
2021-04,4호선,111,회현(남대문시장),"463,864","498,290","154,835","154,240",
2021-04,4호선,112,서울역,"240,117","359,904","31,573","37,165",
2021-04,4호선,113,숙대입구(갈월),"297,698","293,555","45,129","41,830",
2021-04,4호선,114,삼각지,"108,654","123,168","20,357","21,062",
2021-04,4호선,115,신용산,"356,877","375,818","42,148","42,512",
2021-04,4호선,116,이촌(국립중앙박물관),"159,077","181,336","38,261","41,134",
2021-04,4호선,117,동작(현충원),"51,549","56,445","24,192","23,936",
2021-04,4호선,118,총신대입구(이수),"379,887","417,542","125,971","132,031",
2021-04,4호선,119,사당,"585,901","488,314","70,028","68,928",
2021-04,4호선,120,남태령,"25,898","22,330","7,608","7,223",
2021-04,4호선,95,당고개,"267,889","242,266","80,529","79,114",
2021-04,4호선,96,상계,"410,859","377,219","103,429","101,921",
2021-04,4호선,97,노원,"434,201","490,725","77,287","76,339",
2021-04,4호선,98,창동,"520,718","556,629","166,704","172,952",
2021-04,4호선,99,쌍문,"648,901","587,453","137,762","136,423",
2021-04,경부선,121,서울역,"143,397","45,176","8,861","1,980",
2021-04,경부선,122,남영,"218,391","227,403","31,294","33,066",
2021-04,경부선,123,용산,"781,617","791,542","102,863","102,129",
2021-04,경부선,124,노량진,"205,240","206,949","35,706","33,666",
2021-04,경부선,125,대방,"283,153","292,500","58,515","57,661",
2021-04,경부선,126,영등포,"855,271","883,372","191,936","191,573",
2021-04,경부선,127,신도림,"89,476","87,580","23,709","26,037",
2021-04,경부선,151,신길,"212,295","177,581","42,372","39,468",
2021-04,경부선,249,구로,"423,632","437,316","85,042","82,307",
2021-04,경부선,250,가산디지털단지,"419,593","497,653","30,339","33,817",
2021-04,경부선,251,금천구청,"250,982","249,467","69,839","70,888",
2021-04,경부선,252,석수,"225,135","199,473","43,377","42,302",
2021-04,경부선,253,관악,"157,156","145,362","46,605","44,040",
2021-04,경부선,254,안양,"567,863","564,089","96,598","101,043",
2021-04,경부선,255,명학,"199,457","198,219","37,816","36,572",
2021-04,경부선,256,금정,"604,537","614,516","99,293","100,199",
2021-04,경부선,257,군포,"168,791","166,233","31,011","30,767",
2021-04,경부선,258,의왕,"202,059","201,408","37,273","37,152",
2021-04,경부선,259,성균관대,"351,241","347,374","42,564","42,510",
2021-04,경부선,260,화서,"165,826","161,018","35,168","34,518",
2021-04,경부선,261,수원,"882,624","925,490","116,820","119,825",
2021-04,경부선,262,독산,"371,604","392,226","55,853","57,623",
2021-04,경부선,263,세류,"69,193","65,859","13,458","13,194",
2021-04,경부선,264,병점,"335,718","340,827","50,053","49,257",
2021-04,경부선,265,세마,"59,814","55,103","13,116","12,426",
2021-04,경부선,266,오산대,"84,846","78,193","15,340","14,694",
2021-04,경부선,267,오산,"238,573","234,363","38,344","39,302",
2021-04,경부선,268,진위,"36,279","31,525","7,063","6,546",
2021-04,경부선,269,송탄,"104,146","97,976","18,289","17,700",
2021-04,경부선,270,서정리,"160,395","151,981","26,015","25,349",
2021-04,경부선,271,지제,"73,198","69,320","9,191","8,716",
2021-04,경부선,272,평택,"293,159","288,520","54,432","52,901",
2021-04,경부선,273,성환,"86,865","85,923","17,531","17,766",
2021-04,경부선,274,직산,"16,808","17,142","4,198","4,069",
2021-04,경부선,275,두정,"136,796","139,374","19,307","19,896",
2021-04,경부선,276,천안,"110,390","110,576","42,926","42,876",
2021-04,경부선,277,당정,"139,785","134,798","26,173","25,122",
2021-04,경부선,278,서동탄,"33,661","29,436","7,497","7,347",
2021-04,경부선,279,광명,"78,864","68,277","7,714","7,305",
2021-04,경인선,293,개봉,"450,868","455,592","131,813","137,970",
2021-04,경인선,294,오류동,"250,589","232,405","79,564","77,181",
2021-04,경인선,295,역곡,"624,071","615,519","132,834","134,743",
2021-04,경인선,296,부천,"736,535","740,343","177,258","179,173",
2021-04,경인선,297,송내,"631,114","631,331","103,069","102,390",
2021-04,경인선,298,부평,"726,324","779,436","121,278","122,844",
2021-04,경인선,299,백운,"145,339","143,149","49,915","51,047",
2021-04,경인선,300,동암,"339,330","340,181","81,407","82,235",
2021-04,경인선,301,주안,"447,790","404,660","75,924","67,799",
2021-04,경인선,302,제물포,"236,536","225,289","55,272","55,292",
2021-04,경인선,303,동인천,"286,858","271,775","98,539","94,859",
2021-04,경인선,304,인천,"72,685","52,353","35,480","32,669",
2021-04,경인선,305,구일,"149,658","154,705","38,951","38,397",
2021-04,경인선,306,소사,"202,902","192,500","57,598","56,763",
2021-04,경인선,307,부개,"178,091","164,159","54,034","53,388",
2021-04,경인선,308,간석,"123,000","116,490","38,812","37,722",
2021-04,경인선,309,도원,"61,618","61,177","27,103","28,821",
2021-04,경인선,310,온수(성공회대입구),"146,425","141,693","41,984","40,786",
2021-04,경인선,311,중동,"188,222","176,195","59,273","58,442",
2021-04,경인선,312,도화,"81,637","74,479","33,654","32,677",
2021-04,경원선,128,이촌(국립중앙박물관),"83,239","61,346","23,249","19,388",
2021-04,경원선,129,서빙고,"38,020","34,393","13,387","12,811",
2021-04,경원선,130,한남,"84,469","80,044","25,437","23,828",
2021-04,경원선,131,옥수,"1,530",933,122,74,
2021-04,경원선,132,응봉,"37,645","33,516","15,528","14,312",
2021-04,경원선,133,왕십리(성동구청),"317,586","359,039","51,527","56,297",
2021-04,경원선,134,청량리(서울시립대입구),"284,554","300,374","130,793","142,031",
2021-04,경원선,136,외대앞,"154,981","153,008","38,880","40,313",
2021-04,경원선,137,신이문,"168,381","153,302","60,972","59,202",
2021-04,경원선,138,석계,"166,344","191,351","54,968","58,550",
2021-04,경원선,139,광운대,"186,870","179,889","47,193","46,479",
2021-04,경원선,140,월계,"126,438","117,407","54,758","52,675",
2021-04,경원선,141,녹천,"92,733","76,876","34,786","31,392",
2021-04,경원선,142,창동,9,0,2,0,
2021-04,경원선,358,방학,"166,463","162,340","94,607","93,340",
2021-04,경원선,359,도봉,"100,537","94,467","63,169","62,989",
2021-04,경원선,360,도봉산,"136,918","75,026","111,285","88,995",
2021-04,경원선,361,망월사,"145,015","148,151","61,592","63,123",
2021-04,경원선,362,회룡,"213,646","209,623","125,987","123,669",
2021-04,경원선,363,의정부,"410,028","423,291","93,773","95,649",
2021-04,경원선,364,가능,"128,795","122,925","49,420","49,466",
2021-04,경원선,365,녹양,"91,726","87,261","33,363","32,051",
2021-04,경원선,366,양주,"163,894","151,870","50,391","49,205",
2021-04,경원선,367,덕계,"62,961","55,913","19,373","18,714",
2021-04,경원선,368,덕정,"128,059","122,802","31,806","31,785",
2021-04,경원선,369,지행,"137,639","136,260","38,694","38,735",
2021-04,경원선,370,동두천중앙,"55,148","53,215","31,955","31,687",
2021-04,경원선,371,보산,"34,365","31,557","12,178","11,599",
2021-04,경원선,372,동두천,"39,611","44,247","20,833","28,654",
2021-04,경원선,373,소요산,"32,125","25,798","67,795","58,089",
2021-04,안산선,280,산본,"346,794","376,045","82,619","83,401",
2021-04,안산선,281,대야미,"111,337","98,368","30,179","28,267",
2021-04,안산선,282,반월,"93,583","89,019","26,433","25,810",
2021-04,안산선,283,상록수,"380,567","381,597","61,838","62,906",
2021-04,안산선,284,한대앞,"207,595","205,636","39,437","40,183",
2021-04,안산선,285,중앙,"431,357","450,434","50,087","49,077",
2021-04,안산선,286,고잔,"206,098","198,320","31,051","30,214",
2021-04,안산선,287,초지,"118,795","127,156","14,237","14,199",
2021-04,안산선,288,안산,"299,833","277,762","33,999","31,502",
2021-04,안산선,289,신길온천,"38,312","35,110","9,545","9,330",
2021-04,안산선,290,정왕,"234,362","242,065","23,489","24,728",
2021-04,안산선,291,오이도,"207,414","203,585","32,178","31,843",
2021-04,안산선,292,수리산,"86,653","70,410","31,160","31,300",
2021-04,과천선,230,선바위,"192,443","164,779","30,422","29,495",
2021-04,과천선,231,경마공원,"25,143","25,609","10,528","9,757",
2021-04,과천선,232,대공원,"76,863","80,422","51,641","52,958",
2021-04,과천선,233,과천,"116,756","106,529","33,518","32,400",
2021-04,과천선,234,정부과천청사,"215,128","215,023","42,374","41,625",
2021-04,과천선,235,인덕원,"537,969","546,315","88,582","90,872",
2021-04,과천선,236,평촌,"400,424","393,644","54,481","54,278",
2021-04,과천선,237,범계,"596,624","587,576","87,752","85,858",
2021-04,분당선,143,선릉,"288,080","435,009","37,158","48,929",
2021-04,분당선,144,한티,"307,928","325,709","54,249","55,251",
2021-04,분당선,145,도곡,"136,554","136,576","34,152","32,966",
2021-04,분당선,146,구룡,"40,167","39,448","12,255","12,110",
2021-04,분당선,147,개포동,"80,093","82,870","20,193","20,581",
2021-04,분당선,148,대모산입구,"68,871","62,720","23,908","23,997",
2021-04,분당선,149,수서,"309,950","320,392","55,244","56,580",
2021-04,분당선,150,복정,11,0,0,0,
2021-04,분당선,313,수원,"201,066","166,714","26,634","23,588",
2021-04,분당선,314,서울숲,"298,136","317,865","29,700","29,055",
2021-04,분당선,315,압구정로데오,"464,077","520,682","40,432","38,642",
2021-04,분당선,316,강남구청,"217,090","250,326","32,472","35,268",
2021-04,분당선,317,선정릉,"179,327","192,516","25,322","24,385",
2021-04,분당선,318,가천대,"208,471","233,766","22,841","23,794",
2021-04,분당선,319,태평,"285,186","268,992","80,796","84,240",
2021-04,분당선,320,모란,"415,205","405,351","154,543","167,840",
2021-04,분당선,321,야탑,"543,049","571,429","123,824","123,149",
2021-04,분당선,322,서현,"534,189","544,766","99,393","95,295",
2021-04,분당선,323,수내,"277,081","277,757","62,033","59,743",
2021-04,분당선,324,정자,"383,315","408,813","56,961","57,288",
2021-04,분당선,325,미금,"315,454","332,518","89,685","95,001",
2021-04,분당선,326,오리,"245,166","204,069","62,306","54,161",
2021-04,분당선,327,이매,"117,651","109,493","34,604","32,153",
2021-04,분당선,328,보정,"47,902","41,990","16,823","16,251",
2021-04,분당선,329,죽전,"296,911","328,321","58,864","63,239",
2021-04,분당선,330,구성,"98,420","103,512","29,933","30,295",
2021-04,분당선,331,신갈,"93,256","93,511","23,140","23,453",
2021-04,분당선,332,기흥,"215,523","203,592","35,178","34,297",
2021-04,분당선,333,상갈,"116,738","113,548","26,962","25,936",
2021-04,분당선,334,청명,"94,908","90,021","15,715","15,608",
2021-04,분당선,335,영통,"192,699","197,297","23,639","23,916",
2021-04,분당선,336,망포,"332,533","315,739","31,283","30,020",
2021-04,분당선,337,매탄권선,"112,896","108,952","16,420","16,136",
2021-04,분당선,338,수원시청,"297,451","320,670","34,336","34,523",
2021-04,분당선,339,매교,"64,102","65,400","15,361","16,003",
2021-04,일산선,374,원흥,"215,635","206,058","50,872","49,120",
2021-04,일산선,375,지축,1,0,0,0,
2021-04,일산선,376,삼송,"408,129","396,904","85,543","85,941",
2021-04,일산선,377,원당,"230,050","219,245","72,166","71,146",
2021-04,일산선,378,화정,"354,048","365,431","100,559","102,448",
2021-04,일산선,379,대곡,"39,594","29,001","11,618","10,963",
2021-04,일산선,380,백석,"202,629","204,934","62,108","61,723",
2021-04,일산선,381,마두,"141,886","146,799","54,731","55,980",
2021-04,일산선,382,정발산,"158,399","161,979","45,026","42,445",
2021-04,일산선,383,주엽,"163,583","162,373","71,295","73,146",
2021-04,일산선,384,대화,"271,940","210,828","64,501","60,054",
2021-04,중앙선,135,회기,"546,250","527,091","110,022","108,454",
2021-04,중앙선,152,중랑,"107,296","102,339","43,779","42,853",
2021-04,중앙선,153,상봉(시외버스터미널),"129,564","130,773","37,618","36,124",
2021-04,중앙선,154,망우,"147,971","144,875","63,204","64,702",
2021-04,중앙선,155,양원,"34,660","34,915","15,636","15,750",
2021-04,중앙선,156,구리,"292,653","300,013","74,157","75,314",
2021-04,중앙선,157,도농,"210,888","191,121","52,875","51,230",
2021-04,중앙선,158,양정,"15,065","12,750","8,835","8,077",
2021-04,중앙선,159,덕소,"114,025","114,248","42,200","42,377",
2021-04,중앙선,160,도심,"50,289","38,426","16,722","15,650",
2021-04,중앙선,161,팔당,"24,385","25,679","9,754","10,026",
2021-04,중앙선,162,운길산,"19,519","17,947","14,633","14,474",
2021-04,중앙선,163,양수,"37,094","37,389","22,035","22,380",
2021-04,중앙선,164,신원,"4,519","3,507","4,774","4,233",
2021-04,중앙선,165,국수,"13,944","13,354","10,137","10,234",
2021-04,중앙선,166,아신,"11,530","11,415","6,349","6,412",
2021-04,중앙선,167,오빈,"4,856","4,753","4,372","4,418",
2021-04,중앙선,168,양평,"54,025","55,728","30,449","31,112",
2021-04,중앙선,169,원덕,"6,400","5,779","7,488","7,180",
2021-04,중앙선,170,용문,"31,409","30,797","38,380","38,114",
2021-04,중앙선,171,지평,815,"1,257","1,328","1,381",
2021-04,장항선,224,봉명,"22,692","22,128","9,373","9,148",
2021-04,장항선,225,쌍용(나사렛대),"47,650","44,712","10,635","10,105",
2021-04,장항선,226,아산,"72,502","65,769","10,170","9,689",
2021-04,장항선,227,배방,"22,379","21,619","5,815","5,743",
2021-04,장항선,228,온양온천,"66,840","68,053","36,766","37,367",
2021-04,장항선,229,신창(순천향대),"37,223","35,622","6,488","6,010",
2021-04,경의선,173,신촌,"17,468","22,172","3,355","3,711",
2021-04,경의선,174,효창공원앞,"62,536","72,038","13,090","14,145",
2021-04,경의선,176,서강대,"45,527","44,033","10,066","9,448",
2021-04,경의선,178,가좌,"105,734","97,539","39,366","39,024",
2021-04,경의선,180,수색,"55,463","58,450","13,555","13,877",
2021-04,경의선,181,화전,"41,624","38,237","9,361","9,093",
2021-04,경의선,182,강매,"67,896","58,576","16,616","16,041",
2021-04,경의선,183,행신,"177,432","176,141","29,462","30,029",
2021-04,경의선,184,능곡,"76,299","68,200","27,908","27,688",
2021-04,경의선,185,곡산,"11,516","11,813","5,225","5,124",
2021-04,경의선,186,백마,"151,881","145,251","30,361","30,327",
2021-04,경의선,187,풍산,"120,980","113,367","29,624","29,226",
2021-04,경의선,188,일산,"198,434","197,058","55,012","55,265",
2021-04,경의선,189,탄현,"169,072","162,359","33,004","32,207",
2021-04,경의선,190,야당,"152,870","149,465","30,294","28,968",
2021-04,경의선,191,운정,"143,708","135,667","32,690","32,545",
2021-04,경의선,192,금릉,"102,409","100,097","22,992","22,790",
2021-04,경의선,193,금촌,"135,580","133,637","40,289","40,852",
2021-04,경의선,194,월롱,"52,969","49,303","8,256","9,219",
2021-04,경의선,195,파주,"33,780","24,990","7,829","6,666",
2021-04,경의선,196,문산,"103,762","102,598","38,851","39,027",
2021-04,경의선,197,임진강,469,295,494,463,
2021-04,경의선,198,서울역,"88,399","110,129","12,957","16,498",
2021-04,경의선,199,공덕,"80,343","69,670","11,959","11,621",
2021-04,경의선,200,홍대입구,"40,496","46,228","4,725","5,018",
2021-04,경의선,201,디지털미디어시티,"57,313","53,604","9,978","9,817",
2021-04,경의선,202,김포공항,1,0,0,0,
2021-04,경의선,203,계양,6,0,0,0,
2021-04,경의선,204,검암,1,0,0,0,
2021-04,경춘선,205,신내,"31,308","32,314","13,960","13,673",
2021-04,경춘선,206,갈매,"64,845","55,281","17,657","16,672",
2021-04,경춘선,207,별내,"59,637","57,515","19,052","18,268",
2021-04,경춘선,208,퇴계원,"74,459","67,788","25,214","24,463",
2021-04,경춘선,209,사릉,"75,986","71,753","19,382","19,697",
2021-04,경춘선,210,금곡,"28,291","26,933","14,826","14,406",
2021-04,경춘선,211,평내호평,"131,729","131,570","41,368","39,885",
2021-04,경춘선,212,천마산,"30,864","28,515","17,072","17,153",
2021-04,경춘선,213,마석,"80,248","78,893","33,007","33,404",
2021-04,경춘선,214,대성리,"11,641","10,507","8,500","7,944",
2021-04,경춘선,215,청평,"30,393","30,359","17,737","17,763",
2021-04,경춘선,216,상천,"5,986","5,103","6,734","6,467",
2021-04,경춘선,217,가평,"32,246","32,513","15,206","15,115",
2021-04,경춘선,218,굴봉산,"2,486","2,663","4,533","4,491",
2021-04,경춘선,219,백양리,"1,643","1,671","2,014","2,014",
2021-04,경춘선,220,강촌,"11,008","10,456","6,414","6,639",
2021-04,경춘선,221,김유정,"6,272","7,165","4,189","4,326",
2021-04,경춘선,222,남춘천,"49,637","50,394","20,621","21,396",
2021-04,경춘선,223,춘천,"31,427","28,730","14,323","12,503",
2021-04,수인선,340,고색,"86,860","84,887","12,177","11,218",
2021-04,수인선,341,오목천,"69,026","61,592","9,583","9,681",
2021-04,수인선,342,어천,"15,899","15,684","4,039","4,243",
2021-04,수인선,343,야목,"5,360","4,468","1,780","1,549",
2021-04,수인선,344,사리,"96,375","85,990","14,901","13,942",
2021-04,수인선,345,달월,"1,574","1,332","1,143",885,
2021-04,수인선,346,월곶,"57,983","53,840","12,780","12,702",
2021-04,수인선,347,소래포구,"102,214","97,883","61,404","60,364",
2021-04,수인선,348,인천논현,"124,243","133,055","27,186","27,922",
2021-04,수인선,349,호구포,"85,859","89,891","18,288","18,329",
2021-04,수인선,350,남동인더스파크,"52,446","58,514","6,239","6,355",
2021-04,수인선,351,원인재,"94,541","100,209","27,031","27,057",
2021-04,수인선,352,연수,"100,216","97,803","25,191","24,807",
2021-04,수인선,353,송도,"52,315","47,004","19,624","19,423",
2021-04,수인선,354,인하대,"137,280","129,022","24,262","23,441",
2021-04,수인선,355,숭의,"80,479","74,597","26,095","24,925",
2021-04,수인선,356,신포,"38,182","38,635","12,268","12,135",
2021-04,수인선,357,인천,"18,330","34,473","12,353","15,671",
2021-04,경강선,238,판교,"101,778","99,130","11,901","10,377",
2021-04,경강선,239,이매,"24,598","20,840","6,176","7,611",
2021-04,경강선,240,삼동,"50,970","46,150","10,648","10,604",
2021-04,경강선,241,경기광주,"158,832","151,483","26,066","25,967",
2021-04,경강선,242,초월,"68,403","64,501","12,374","12,003",
2021-04,경강선,243,곤지암,"48,179","48,851","11,248","11,642",
2021-04,경강선,244,신둔도예촌,"31,483","28,635","6,405","6,266",
2021-04,경강선,245,이천,"57,620","60,837","11,234","12,216",
2021-04,경강선,246,부발,"45,268","44,033","6,662","6,647",
2021-04,경강선,247,세종대왕릉,"5,518","5,451","3,498","3,593",
2021-04,경강선,248,여주,"43,294","44,860","13,742","13,471",
2021-04,5호선,385,방화,"137,001","130,863","44,193","42,184",
2021-04,5호선,386,개화산,"111,687","106,474","33,051","32,951",
2021-04,5호선,387,김포공항,"181,688","172,512","28,532","30,682",
2021-04,5호선,388,송정,"137,957","129,870","45,664","45,003",
2021-04,5호선,389,마곡,"223,231","221,652","34,444","33,910",
2021-04,5호선,390,발산,"442,357","458,681","76,093","73,290",
2021-04,5호선,391,우장산,"305,643","298,828","76,490","79,560",
2021-04,5호선,392,화곡,"632,054","590,236","125,517","120,006",
2021-04,5호선,393,까치산,"647,762","620,080","137,332","138,974",
2021-04,5호선,394,신정(은행정),"320,308","249,292","53,401","51,788",
2021-04,5호선,395,목동,"376,031","412,356","72,220","73,325",
2021-04,5호선,396,오목교(목동운동장앞),"518,171","563,357","73,745","72,993",
2021-04,5호선,397,양평,"167,136","165,415","25,089","24,786",
2021-04,5호선,398,영등포구청,"84,847","86,470","18,579","17,972",
2021-04,5호선,399,영등포시장,"203,758","212,911","53,837","54,991",
2021-04,5호선,400,신길,"96,484","105,721","10,799","11,227",
2021-04,5호선,401,여의도,"674,478","706,033","47,482","44,360",
2021-04,5호선,402,여의나루,"358,488","401,422","27,129","26,679",
2021-04,5호선,403,마포,"317,203","326,789","52,082","51,654",
2021-04,5호선,404,공덕,"334,432","359,005","38,401","36,093",
2021-04,5호선,405,애오개,"146,504","148,018","32,902","31,788",
2021-04,5호선,406,충정로(경기대입구),"112,492","113,374","12,329","12,362",
2021-04,5호선,407,서대문,"412,277","421,018","54,920","52,040",
2021-04,5호선,408,광화문(세종문화회관),"688,008","719,295","58,206","56,472",
2021-04,5호선,409,종로3가,"253,328","246,318","75,650","82,110",
2021-04,5호선,410,을지로4가,"113,323","117,564","39,648","39,657",
2021-04,5호선,411,동대문역사문화공원(DDP),"62,114","73,118","6,868","7,715",
2021-04,5호선,412,청구,"83,825","80,089","22,279","16,961",
2021-04,5호선,413,신금호,"136,095","136,617","32,325","36,654",
2021-04,5호선,414,행당,"175,114","156,905","43,448","38,933",
2021-04,5호선,415,왕십리(성동구청),"102,795","114,454","20,445","19,830",
2021-04,5호선,416,마장,"115,830","106,848","33,623","32,461",
2021-04,5호선,417,답십리,"351,120","319,838","68,824","66,859",
2021-04,5호선,418,장한평,"403,383","397,933","74,194","74,814",
2021-04,5호선,419,군자(능동),"263,837","291,803","35,630","36,741",
2021-04,5호선,420,아차산(어린이대공원후문),"333,859","329,170","87,781","86,925",
2021-04,5호선,421,광나루(장신대),"291,812","266,463","60,831","58,833",
2021-04,5호선,422,천호(풍납토성),"391,110","381,512","106,942","109,331",
2021-04,5호선,423,강동,"407,485","388,415","84,237","81,449",
2021-04,5호선,424,길동,"154,792","160,460","60,783","62,361",
2021-04,5호선,425,굽은다리(강동구민회관앞),"193,047","184,028","58,941","55,439",
2021-04,5호선,426,명일,"176,061","179,989","58,808","60,698",
2021-04,5호선,427,고덕,"192,076","188,718","53,620","53,455",
2021-04,5호선,428,상일동,"339,669","304,592","77,327","73,769",
2021-04,5호선,429,둔촌동,"176,616","175,625","52,943","53,462",
2021-04,5호선,430,올림픽공원(한국체대),"84,233","73,640","30,670","27,756",
2021-04,5호선,431,방이,"147,286","151,651","36,831","36,693",
2021-04,5호선,432,오금,"84,160","81,809","17,049","16,255",
2021-04,5호선,433,개롱,"132,014","138,265","40,027","41,181",
2021-04,5호선,434,거여,"168,541","160,392","50,444","49,448",
2021-04,5호선,435,마천,"121,884","120,273","47,662","49,647",
2021-04,5호선,436,강일,"59,441","62,424","22,496","22,254",
2021-04,5호선,437,미사,"338,031","333,977","57,324","56,505",
2021-04,5호선,438,하남풍산,"84,131","83,410","18,988","18,848",
2021-04,5호선,439,하남시청(덕풍·신장),"93,810","92,610","43,852","45,069",
2021-04,5호선,440,하남검단산,"100,080","98,311","42,893","43,321",
2021-04,6호선,441,응암,"374,202","371,638","102,076","100,525",
2021-04,6호선,442,역촌,"69,351","85,611","27,299","25,995",
2021-04,6호선,443,불광,"87,343","92,057","35,288","29,777",
2021-04,6호선,444,독바위,"57,549","59,295","17,407","21,725",
2021-04,6호선,445,연신내,22,0,2,0,
2021-04,6호선,446,구산,"158,440","106,963","44,642","46,281",
2021-04,6호선,447,새절(신사),"270,830","251,814","77,573","78,163",
2021-04,6호선,448,증산(명지대앞),"207,682","204,950","63,827","65,329",
2021-04,6호선,449,디지털미디어시티,"305,379","334,359","47,879","48,124",
2021-04,6호선,450,월드컵경기장(성산),"85,122","91,286","56,015","53,987",
2021-04,6호선,451,마포구청,"305,612","276,217","66,615","60,289",
2021-04,6호선,452,망원,"313,095","342,961","73,196","76,005",
2021-04,6호선,453,합정,"321,671","312,252","34,201","31,938",
2021-04,6호선,454,상수,"192,380","217,699","18,331","18,762",
2021-04,6호선,455,광흥창(서강),"193,344","186,073","38,464","38,190",
2021-04,6호선,456,대흥(서강대앞),"169,209","177,114","39,779","39,284",
2021-04,6호선,457,공덕,"413,990","400,606","63,700","59,250",
2021-04,6호선,458,효창공원앞,"149,478","134,524","34,167","32,638",
2021-04,6호선,459,삼각지,"146,491","125,315","13,772","11,558",
2021-04,6호선,460,녹사평(용산구청),"124,757","122,044","15,943","15,300",
2021-04,6호선,461,이태원,"249,788","256,037","27,168","27,874",
2021-04,6호선,462,한강진,"204,362","236,428","13,799","13,804",
2021-04,6호선,463,버티고개,"47,100","44,584","12,214","14,324",
2021-04,6호선,464,약수,"73,859","75,648","18,621","18,646",
2021-04,6호선,465,청구,"83,717","86,448","16,869","20,093",
2021-04,6호선,466,신당,"182,831","193,331","29,808","28,306",
2021-04,6호선,467,동묘앞,"164,073","170,461","63,254","57,174",
2021-04,6호선,468,창신,"79,497","64,382","16,330","15,485",
2021-04,6호선,469,보문,"163,579","150,695","26,934","26,220",
2021-04,6호선,470,안암(고대병원앞),"240,041","241,371","28,474","26,720",
2021-04,6호선,471,고려대(종암),"181,115","172,707","29,182","29,318",
2021-04,6호선,472,월곡(동덕여대),"234,261","231,939","60,836","60,953",
2021-04,6호선,473,상월곡(한국과학기술연구원),"131,442","114,988","34,710","33,915",
2021-04,6호선,474,돌곶이,"193,845","178,811","48,276","47,445",
2021-04,6호선,475,석계,"261,073","269,587","66,400","67,165",
2021-04,6호선,476,태릉입구,"118,586","132,285","25,151","26,843",
2021-04,6호선,477,화랑대(서울여대입구),"258,960","201,139","39,155","34,193",
2021-04,6호선,478,봉화산(서울의료원),"187,961","174,737","41,957","41,509",
2021-04,6호선,479,신내,3,0,0,0,
2021-04,7호선,480,장암,"53,821","22,267","9,498","7,025",
2021-04,7호선,481,도봉산,"207,638","241,812","44,288","64,712",
2021-04,7호선,482,수락산,"268,054","263,967","85,400","85,151",
2021-04,7호선,483,마들,"259,056","242,327","72,801","72,321",
2021-04,7호선,484,노원,"418,739","447,993","101,423","102,902",
2021-04,7호선,485,중계,"301,138","271,501","79,613","76,477",
2021-04,7호선,486,하계,"381,826","358,576","87,361","84,595",
2021-04,7호선,487,공릉(서울과학기술대),"259,853","258,863","59,405","59,286",
2021-04,7호선,488,태릉입구,"188,063","176,872","38,195","35,595",
2021-04,7호선,489,먹골,"214,718","208,140","55,175","56,405",
2021-04,7호선,490,중화,"241,851","234,936","55,961","56,509",
2021-04,7호선,491,상봉(시외버스터미널),"399,618","373,322","62,326","59,255",
2021-04,7호선,492,면목,"344,058","331,269","82,072","84,513",
2021-04,7호선,493,사가정,"358,288","356,573","88,048","87,205",
2021-04,7호선,494,용마산(용마폭포공원),"134,902","130,256","31,387","33,763",
2021-04,7호선,495,중곡,"216,225","195,800","49,874","50,295",
2021-04,7호선,496,군자(능동),"328,820","257,152","63,552","55,728",
2021-04,7호선,497,어린이대공원(세종대),"314,417","314,747","36,697","36,407",
2021-04,7호선,498,건대입구,"279,998","295,534","43,722","38,972",
2021-04,7호선,499,뚝섬유원지,"245,895","239,902","37,892","38,311",
2021-04,7호선,500,청담,"440,230","497,773","60,676","58,312",
2021-04,7호선,501,강남구청,"380,590","421,344","41,663","42,188",
2021-04,7호선,502,학동,"549,871","594,207","51,719","48,198",
2021-04,7호선,503,논현,"480,563","520,529","45,059","44,499",
2021-04,7호선,504,반포,"127,753","124,377","27,621","25,918",
2021-04,7호선,505,고속터미널,"364,666","302,821","60,457","52,365",
2021-04,7호선,506,내방,"308,527","316,404","55,362","54,060",
2021-04,7호선,507,이수,"349,283","338,253","63,892","61,059",
2021-04,7호선,508,남성,"236,998","218,052","61,756","60,926",
2021-04,7호선,509,숭실대입구(살피재),"278,316","282,238","50,234","52,671",
2021-04,7호선,510,상도,"227,824","221,663","50,670","48,962",
2021-04,7호선,511,장승배기,"200,653","192,689","58,992","59,108",
2021-04,7호선,512,신대방삼거리,"356,100","339,849","76,082","77,870",
2021-04,7호선,513,보라매,"223,146","222,168","36,438","35,537",
2021-04,7호선,514,신풍,"255,942","241,101","59,056","59,530",
2021-04,7호선,515,대림(구로구청),"189,623","189,963","29,794","29,219",
2021-04,7호선,516,남구로,"365,055","389,338","52,289","52,446",
2021-04,7호선,517,가산디지털단지,"1,080,119","1,076,689","79,296","75,104",
2021-04,7호선,518,철산,"487,426","501,888","83,324","83,508",
2021-04,7호선,519,광명사거리,"474,178","461,657","127,016","130,055",
2021-04,7호선,520,천왕,"253,216","237,762","48,470","48,446",
2021-04,7호선,521,온수(성공회대입구),"248,704","230,396","34,525","33,522",
2021-04,7호선,522,까치울,"181,625","173,933","28,578","28,809",
2021-04,7호선,523,부천종합운동장,"106,547","92,175","19,461","19,162",
2021-04,7호선,524,춘의,"218,287","213,606","29,303","28,844",
2021-04,7호선,525,신중동,"330,029","329,543","46,843","45,342",
2021-04,7호선,526,부천시청,"285,270","284,075","47,835","46,054",
2021-04,7호선,527,상동,"292,077","303,960","42,588","42,447",
2021-04,7호선,528,삼산체육관,"112,367","102,211","24,288","23,058",
2021-04,7호선,529,굴포천,"201,260","215,240","29,732","29,892",
2021-04,7호선,530,부평구청,"280,116","231,936","28,248","25,488",
2021-04,8호선,531,암사,"409,143","358,078","90,931","89,659",
2021-04,8호선,532,천호(풍납토성),"332,331","396,027","69,100","66,336",
2021-04,8호선,533,강동구청,"215,696","224,902","53,163","53,835",
2021-04,8호선,534,몽촌토성(평화의문),"128,872","133,713","29,586","28,367",
2021-04,8호선,535,잠실(송파구청),"310,288","367,484","55,777","54,406",
2021-04,8호선,536,석촌,"161,258","193,034","41,897","44,814",
2021-04,8호선,537,송파,"158,096","159,643","46,802","46,688",
2021-04,8호선,538,가락시장,"151,127","172,806","54,380","54,777",
2021-04,8호선,539,문정,"495,207","522,190","50,396","50,277",
2021-04,8호선,540,장지,"391,141","374,215","66,094","62,987",
2021-04,8호선,541,복정,"258,618","221,070","41,209","38,144",
2021-04,8호선,542,산성,"142,661","139,581","32,566","36,216",
2021-04,8호선,543,남한산성입구(성남법원.검찰청),"300,207","273,059","71,300","68,646",
2021-04,8호선,544,단대오거리,"222,882","213,199","61,877","59,533",
2021-04,8호선,545,신흥,"87,732","95,430","33,847","35,087",
2021-04,8호선,546,수진,"102,408","91,001","36,128","35,853",
2021-04,8호선,547,모란,"76,677","61,745","49,558","38,490",
2021-04,9호선,605,개화,"54,915","37,718","12,365","10,263",
2021-04,9호선,606,김포공항,"206,793","313,096","17,105","20,896",
2021-04,9호선,607,공항시장,"55,520","60,748","22,031","23,843",
2021-04,9호선,608,신방화,"140,238","135,199","39,438","39,379",
2021-04,9호선,609,마곡나루(서울식물원),"273,172","272,681","27,619","27,160",
2021-04,9호선,610,양천향교,"211,464","216,112","39,220","39,530",
2021-04,9호선,611,가양,"422,481","413,867","110,466","106,739",
2021-04,9호선,612,증미,"151,492","150,283","37,416","38,179",
2021-04,9호선,613,등촌,"224,097","219,214","69,238","70,448",
2021-04,9호선,614,염창,"389,040","382,189","59,891","59,504",
2021-04,9호선,615,신목동,"84,496","75,781","18,560","17,241",
2021-04,9호선,616,선유도,"180,708","177,090","24,353","23,232",
2021-04,9호선,617,당산,"416,462","419,932","55,089","50,574",
2021-04,9호선,618,국회의사당,"339,430","349,925","42,647","36,871",
2021-04,9호선,619,여의도,"641,514","611,722","40,832","36,915",
2021-04,9호선,620,샛강,"126,240","130,364","21,202","21,041",
2021-04,9호선,621,노량진,"623,443","616,024","75,912","77,299",
2021-04,9호선,622,노들,"91,833","77,576","26,691","25,037",
2021-04,9호선,623,흑석(중앙대입구),"158,393","166,178","44,483","44,518",
2021-04,9호선,624,동작(현충원),"38,853","31,214","10,707","9,303",
2021-04,9호선,625,구반포,"54,585","56,938","18,843","19,004",
2021-04,9호선,626,신반포,"70,639","70,279","16,740","16,466",
2021-04,9호선,627,고속터미널,"287,728","379,419","47,697","54,262",
2021-04,9호선,628,사평,"69,589","67,643","15,783","15,768",
2021-04,9호선,629,신논현,"778,144","772,783","51,609","48,159",
2021-04,공항철도 1호선,643,서울역,"172,521","162,723","27,065","24,481",
2021-04,공항철도 1호선,644,공덕,"50,806","67,891","5,982","7,074",
2021-04,공항철도 1호선,645,홍대입구,"241,086","238,866","15,220","14,593",
2021-04,공항철도 1호선,646,디지털미디어시티,"323,104","291,383","20,499","19,436",
2021-04,공항철도 1호선,647,마곡나루(서울식물원),"189,060","185,937","11,645","11,859",
2021-04,공항철도 1호선,648,김포공항,"316,052","180,148","21,511","14,117",
2021-04,공항철도 1호선,649,계양,"223,419","204,762","23,688","22,091",
2021-04,공항철도 1호선,650,검암,"169,178","166,205","16,122","16,944",
2021-04,공항철도 1호선,651,청라국제도시,"160,042","151,141","10,384","10,012",
2021-04,공항철도 1호선,652,운서,"147,602","148,920","24,068","24,171",
2021-04,공항철도 1호선,653,공항화물청사,"51,411","56,214","8,311","8,155",
2021-04,공항철도 1호선,654,인천공항1터미널,"74,872","78,702","12,014","12,143",
2021-04,공항철도 1호선,655,인천공항2터미널,"45,865","43,914","5,451","5,115",
2021-04,공항철도 1호선,656,영종,"64,298","65,447","18,420","18,433",
2021-04,9호선2~3단계,630,언주,"228,794","234,248","23,400","23,380",
2021-04,9호선2~3단계,631,선정릉,"220,518","241,958","20,204","20,996",
2021-04,9호선2~3단계,632,삼성중앙,"148,942","155,775","18,910","18,666",
2021-04,9호선2~3단계,633,봉은사,"361,423","367,889","35,679","33,851",
2021-04,9호선2~3단계,634,종합운동장,"96,030","94,225","14,807","13,467",
2021-04,9호선2~3단계,635,삼전,"144,347","139,037","29,588","28,639",
2021-04,9호선2~3단계,636,석촌고분,"125,721","124,777","27,746","27,506",
2021-04,9호선2~3단계,637,석촌,"186,707","164,657","28,451","24,785",
2021-04,9호선2~3단계,638,송파나루,"102,383","110,836","21,063","21,414",
2021-04,9호선2~3단계,639,한성백제,"52,500","47,556","13,424","11,833",
2021-04,9호선2~3단계,640,올림픽공원(한국체대),"129,997","130,075","21,822","21,984",
2021-04,9호선2~3단계,641,둔촌오륜,"26,383","22,311","5,190","5,331",
2021-04,9호선2~3단계,642,중앙보훈병원,"181,903","155,880","67,634","66,195",
2021-04,우이신설선,700,북한산우이,"54,649","49,578","31,805","33,134",
2021-04,우이신설선,701,솔밭공원,"40,130","36,702","24,366","25,897",
2021-04,우이신설선,702,4.19민주묘지,"49,521","48,761","32,759","29,552",
2021-04,우이신설선,703,가오리,"68,181","65,800","40,572","41,093",
2021-04,우이신설선,704,화계,"54,090","48,584","35,265","35,651",
2021-04,우이신설선,705,삼양,"30,428","31,786","23,713","26,003",
2021-04,우이신설선,706,삼양사거리,"33,424","34,977","31,090","31,292",
2021-04,우이신설선,707,솔샘,"115,702","105,734","31,947","33,533",
2021-04,우이신설선,708,북한산보국문,"123,752","115,101","38,266","38,626",
2021-04,우이신설선,709,정릉,"81,473","73,641","39,641","37,915",
2021-04,우이신설선,710,성신여대입구(돈암),"60,322","70,527","25,639","24,373",
2021-04,우이신설선,711,보문,"26,929","27,259","13,020","13,000",
2021-04,우이신설선,712,신설동,"34,869","36,213","23,215","20,795",
